row	col	cor	name	id	position
ABCF2	ts-44	0.537650075846125	ABCF2	10061	chr7:150904922-150924460
ABCA2	ts-44	-0.52198878681075	ABCA2	20	chr9:139901685-139923374
