row	col	cor	name	id	position
STAT6_20	tRFdb-1031	0.531014546689945	STAT6	6778	chr12:57489186-57505196
IRS1	ts-94	-0.510322931918532	IRS1	3667	chr2:227596032-227663506
EP300_14_26534	5P_tRNA-Phe-GAA-1-2	-0.525021087750968	EP300	2033	chr22:41488613-41576081
ISGF3G_9	5P_tRNA-Ile-AAT-5-5	-0.538402651897147	IRF9	10379	chr14:24630421-24635774
TP53_10_24337	tRFdb-3033a	-0.541423094765376	TP53	7157	chr17:7571719-7590868
GSTP1_13	5P_tRNA-Pro-AGG-1-1	-0.547622319283044	GSTP1	2950	chr11:67351065-67354124
GSTP1_14	5P_tRNA-Pro-AGG-1-1	-0.56176802601956	GSTP1	2950	chr11:67351065-67354124
SMARCB1	ts-54	-0.580769865634481	SMARCB1	6598	chr22:24129149-24176705
